timestamp,open,high,low,close,volume,close_time,quote_asset_volume,number_of_trades,taker_buy_base_asset_volume,taker_buy_quote_asset_volume,ignore
2023-02-14,0.08209000,0.08371000,0.08002000,0.08360000,785765214.00000000,1676419199999,64655649.89362000,143143,406497147.00000000,33450731.27005000,0
2023-02-15,0.08360000,0.08961000,0.08265000,0.08928000,1906740485.00000000,1676505599999,164949294.37830000,292835,988439858.00000000,85515438.80944000,0
2023-02-16,0.08927000,0.09199000,0.08468000,0.08489000,1730290902.00000000,1676591999999,153466131.89796000,300626,883330696.00000000,78426613.62316000,0
2023-02-17,0.08489000,0.08851000,0.08430000,0.08771000,778220031.00000000,1676678399999,67464093.70005000,147847,382912705.00000000,33199519.58282000,0
2023-02-18,0.08771000,0.09049000,0.08675000,0.08882000,741187928.00000000,1676764799999,65484108.61835000,124096,354857485.00000000,31367249.65536000,0
2023-02-19,0.08882000,0.09000000,0.08559000,0.08697000,933849140.00000000,1676851199999,82306169.70701000,172888,449395962.00000000,39627957.87158000,0
2023-02-20,0.08698000,0.08875000,0.08513000,0.08829000,774767125.00000000,1676937599999,68018886.37176000,141122,394433212.00000000,34635790.23435000,0
2023-02-21,0.08829000,0.08884000,0.08429000,0.08546000,984199238.00000000,1677023999999,85232827.50392000,159862,461482939.00000000,39978722.05099000,0
2023-02-22,0.08546000,0.08882000,0.08286000,0.08550000,1754704513.00000000,1677110399999,149908952.30165000,285275,862187204.00000000,73670022.07185000,0
2023-02-23,0.08550000,0.08642000,0.08350000,0.08425000,708234194.00000000,1677196799999,60199078.97120000,134706,357717719.00000000,30408658.70937000,0
2023-02-24,0.08424000,0.08499000,0.07922000,0.08092000,1006076322.00000000,1677283199999,82530619.10414000,193843,452507303.00000000,37160357.55413000,0
2023-02-25,0.08091000,0.08216000,0.07836000,0.08075000,671481093.00000000,1677369599999,54081162.09407000,130910,323358712.00000000,26052138.81215000,0
2023-02-26,0.08075000,0.08264000,0.08041000,0.08216000,375150914.00000000,1677455999999,30560244.62016000,74380,200601603.00000000,16338890.12267000,0
2023-02-27,0.08217000,0.08231000,0.07992000,0.08136000,535217985.00000000,1677542399999,43460355.71943000,88650,260937940.00000000,21192442.34138000,0
2023-02-28,0.08136000,0.08312000,0.07990000,0.08085000,782956200.00000000,1677628799999,63984919.93669000,124371,383072619.00000000,31314055.08666000,0
2023-03-01,0.08085000,0.08284000,0.08023000,0.08193000,449680442.00000000,1677715199999,36808992.52678000,89117,236351999.00000000,19349089.34765000,0
2023-03-02,0.08193000,0.08226000,0.07959000,0.08056000,396580116.00000000,1677801599999,31970325.35816000,72829,194297172.00000000,15665635.50169000,0
2023-03-03,0.08057000,0.08062000,0.07320000,0.07684000,1391618480.00000000,1677887999999,105146374.86489000,239119,645159167.00000000,48734449.22906000,0
2023-03-04,0.07684000,0.07727000,0.07255000,0.07462000,646573785.00000000,1677974399999,48320706.02664000,113220,321572800.00000000,24025032.16555000,0
2023-03-05,0.07462000,0.07612000,0.07429000,0.07474000,473247429.00000000,1678060799999,35616591.62325000,82040,227975242.00000000,17158404.86244000,0
2023-03-06,0.07475000,0.07515000,0.07316000,0.07479000,601290505.00000000,1678147199999,44598491.06599000,105247,290868803.00000000,21579125.42867000,0
2023-03-07,0.07480000,0.07597000,0.07234000,0.07407000,715751875.00000000,1678233599999,53134764.75956000,118313,350567933.00000000,26035339.47848000,0
2023-03-08,0.07407000,0.07432000,0.07000000,0.07112000,710430111.00000000,1678319999999,51578068.01431000,130177,343823094.00000000,24971424.41990000,0
2023-03-09,0.07112000,0.07230000,0.06393000,0.06595000,1514038685.00000000,1678406399999,102992131.90937000,268553,681426603.00000000,46474285.83786000,0
2023-03-10,0.06597000,0.06618000,0.06253000,0.06572000,1320901834.00000000,1678492799999,85635534.72495000,212149,639650479.00000000,41474797.16294000,0
2023-03-11,0.06572000,0.06821000,0.06324000,0.06604000,1096354085.00000000,1678579199999,71739394.07497000,207015,534479769.00000000,34986031.64170000,0
2023-03-12,0.06604000,0.07082000,0.06516000,0.07051000,950190978.00000000,1678665599999,64281816.91018000,191700,495148913.00000000,33536878.43220000,0
2023-03-13,0.07051000,0.07353000,0.06814000,0.07279000,1285142360.00000000,1678751999999,91287481.56805000,246217,653506789.00000000,46408062.44852000,0
2023-03-14,0.07279000,0.07762000,0.07108000,0.07456000,1507610170.00000000,1678838399999,112334812.11679000,282007,733708583.00000000,54650283.23691000,0
2023-03-15,0.07455000,0.07589000,0.06735000,0.06963000,1326712138.00000000,1678924799999,94694707.61349000,257636,614572288.00000000,43900849.93474000,0
2023-03-16,0.06964000,0.07407000,0.06868000,0.07256000,842159396.00000000,1679011199999,59454354.64497000,170220,423779438.00000000,29923243.16096000,0
2023-03-17,0.07256000,0.07724000,0.07143000,0.07642000,1234974838.00000000,1679097599999,92021094.02443000,232164,633322521.00000000,47207491.49404000,0
2023-03-18,0.07642000,0.07890000,0.07234000,0.07295000,1383588746.00000000,1679183999999,105320529.73824000,272138,650171484.00000000,49464562.22103000,0
2023-03-19,0.07296000,0.07652000,0.07295000,0.07450000,818390779.00000000,1679270399999,61245154.46238000,154719,407540233.00000000,30491509.79163000,0
2023-03-20,0.07451000,0.07557000,0.07035000,0.07137000,1079402871.00000000,1679356799999,78945442.37210000,210799,526892200.00000000,38542470.33108000,0
2023-03-21,0.07136000,0.07788000,0.07031000,0.07660000,1544655030.00000000,1679443199999,115386368.45879000,296122,750403089.00000000,56046538.35608000,0
2023-03-22,0.07661000,0.07810000,0.07137000,0.07385000,1912919819.00000000,1679529599999,144018154.80185000,356966,949294800.00000000,71521323.31467000,0
2023-03-23,0.07385000,0.07922000,0.07294000,0.07736000,1770056622.00000000,1679615999999,135718021.44322000,294875,912055561.00000000,69942496.76021000,0
2023-03-24,0.07736000,0.07749000,0.07295000,0.07453000,836571352.00000000,1679702399999,62827175.58121000,155743,401298240.00000000,30166597.40630000,0
2023-03-25,0.07453000,0.07597000,0.07244000,0.07402000,658593695.00000000,1679788799999,48943134.82286000,129045,304545076.00000000,22661944.82534000,0
2023-03-26,0.07401000,0.07558000,0.07334000,0.07436000,480451959.00000000,1679875199999,35759913.97781000,85987,228183778.00000000,16988074.36669000,0
2023-03-27,0.07436000,0.07639000,0.07124000,0.07287000,1127427328.00000000,1679961599999,83039932.30309000,189712,538074613.00000000,39688155.18163000,0
2023-03-28,0.07289000,0.07404000,0.07165000,0.07381000,644358903.00000000,1680047999999,46885848.93685000,109919,322000281.00000000,23439099.06769000,0
2023-03-29,0.07381000,0.07692000,0.07351000,0.07557000,1004337728.00000000,1680134399999,76025066.02587000,160165,535750607.00000000,40554976.99437000,0
2023-03-30,0.07557000,0.07685000,0.07327000,0.07422000,827561063.00000000,1680220799999,61952613.90326000,139394,404816373.00000000,30318458.94023000,0
2023-03-31,0.07421000,0.07789000,0.07340000,0.07695000,838503016.00000000,1680307199999,63548707.33059000,136729,438551204.00000000,33251463.88677000,0
2023-04-01,0.07695000,0.08500000,0.07586000,0.08181000,1854882421.00000000,1680393599999,147661797.97690000,322648,957305177.00000000,76272997.99256000,0
2023-04-02,0.08181000,0.08559000,0.07724000,0.07903000,2199172283.00000000,1680479999999,180272715.73546000,422957,1100812099.00000000,90323114.94885000,0
2023-04-03,0.07903000,0.10500000,0.07600000,0.09600000,8818532284.00000000,1680566399999,821481103.77787000,1705069,4312206548.00000000,401561383.86323000,0
2023-04-04,0.09601000,0.10350000,0.09219000,0.09512000,7327021779.00000000,1680652799999,716578007.53248000,1278802,3734577293.00000000,365431166.56497000,0
2023-04-05,0.09510000,0.09917000,0.09055000,0.09267000,3340986573.00000000,1680739199999,319834428.25492000,603428,1716064291.00000000,164451394.22383000,0
2023-04-06,0.09268000,0.09275000,0.08415000,0.08541000,3278113280.00000000,1680825599999,292046353.99595000,568729,1609685992.00000000,143661995.39877000,0
2023-04-07,0.08541000,0.08620000,0.08113000,0.08222000,2228211181.00000000,1680911999999,185239007.69662000,383356,1014541784.00000000,84327911.20895000,0
2023-04-08,0.08222000,0.08383000,0.08035000,0.08134000,1218517909.00000000,1680998399999,100545723.08015000,209441,564928709.00000000,46617110.32975000,0
2023-04-09,0.08135000,0.08393000,0.08107000,0.08318000,922447755.00000000,1681084799999,76124495.14707000,178859,436462729.00000000,36033056.24265000,0
2023-04-10,0.08318000,0.08541000,0.08225000,0.08473000,948759612.00000000,1681171199999,79305135.84204000,172420,457311057.00000000,38236908.46626000,0
2023-04-11,0.08474000,0.08607000,0.08359000,0.08408000,1001623427.00000000,1681257599999,84939344.79105000,168258,448878271.00000000,38068187.78359000,0
2023-04-12,0.08409000,0.08510000,0.08036000,0.08346000,1733885327.00000000,1681343999999,142830877.84801000,269293,853802237.00000000,70384918.26693000,0
2023-04-13,0.08346000,0.08886000,0.08279000,0.08729000,1824584606.00000000,1681430399999,157357744.60448000,286227,933306746.00000000,80500796.93727000,0
2023-04-14,0.08729000,0.09138000,0.08527000,0.08866000,2129880806.00000000,1681516799999,189231712.15334000,372467,1072674447.00000000,95362801.67430000,0
2023-04-15,0.08866000,0.09057000,0.08714000,0.08888000,873116413.00000000,1681603199999,77655204.38557000,157443,411155685.00000000,36592867.61601000,0
2023-04-16,0.08889000,0.09183000,0.08750000,0.09043000,1204599668.00000000,1681689599999,108253908.88845000,215121,578515845.00000000,52016621.39681000,0
2023-04-17,0.09043000,0.09488000,0.08807000,0.09137000,2941097287.00000000,1681775999999,271006609.15772000,501953,1459474518.00000000,134498950.98426000,0
2023-04-18,0.09137000,0.09500000,0.08974000,0.09411000,1670819556.00000000,1681862399999,155092708.65906000,290077,820471879.00000000,76167870.48474000,0
2023-04-19,0.09412000,0.09413000,0.08420000,0.08788000,2757696460.00000000,1681948799999,246110718.74936000,493596,1317679811.00000000,117706565.52603000,0
2023-04-20,0.08787000,0.09350000,0.08251000,0.08389000,4572088496.00000000,1682035199999,405243878.00491000,788998,2221003738.00000000,197301419.78493000,0
2023-04-21,0.08390000,0.08470000,0.07620000,0.07842000,2208532603.00000000,1682121599999,180073455.19149000,364961,991774999.00000000,80875843.52609000,0
2023-04-22,0.07842000,0.08101000,0.07817000,0.08028000,807742799.00000000,1682207999999,64238303.35178000,134440,375083453.00000000,29843260.74986000,0
2023-04-23,0.08029000,0.08083000,0.07651000,0.07878000,776127337.00000000,1682294399999,61336770.23922000,130904,339187714.00000000,26800374.53689000,0
2023-04-24,0.07876000,0.08000000,0.07715000,0.07873000,835608693.00000000,1682380799999,65856879.74290000,132203,391746158.00000000,30885900.38400000,0
2023-04-25,0.07875000,0.07996000,0.07752000,0.07976000,649768816.00000000,1682467199999,51142344.77902000,109714,303700067.00000000,23910328.71688000,0
2023-04-26,0.07976000,0.08358000,0.07480000,0.07859000,1881668380.00000000,1682553599999,149998083.45042000,305395,898776855.00000000,71725451.16833000,0
2023-04-27,0.07859000,0.08100000,0.07837000,0.08014000,1030067337.00000000,1682639999999,82262796.38021000,149076,513025926.00000000,40980315.94811000,0
2023-04-28,0.08013000,0.08074000,0.07892000,0.08033000,490310858.00000000,1682726399999,39253517.41812000,82755,255407231.00000000,20450440.62637000,0
2023-04-29,0.08033000,0.08197000,0.08019000,0.08157000,590694438.00000000,1682812799999,47944031.70227000,93474,315976210.00000000,25647059.84017000,0
2023-04-30,0.08157000,0.08174000,0.07923000,0.07951000,585421236.00000000,1682899199999,47268607.64167000,96527,303793559.00000000,24539442.90755000,0
2023-05-01,0.07950000,0.08003000,0.07733000,0.07882000,687515788.00000000,1682985599999,53952152.51666000,106334,331393333.00000000,26006686.12416000,0
2023-05-02,0.07882000,0.07910000,0.07754000,0.07876000,429294264.00000000,1683071999999,33714938.36088000,68314,204535125.00000000,16066235.34196000,0
2023-05-03,0.07876000,0.08072000,0.07711000,0.07962000,666847319.00000000,1683158399999,52320813.83607000,111458,348092774.00000000,27331852.13734000,0
2023-05-04,0.07961000,0.07970000,0.07794000,0.07838000,521626133.00000000,1683244799999,41092883.63729000,76795,271015392.00000000,21352564.17853000,0
2023-05-05,0.07837000,0.08147000,0.07705000,0.08017000,751560591.00000000,1683331199999,59529191.18827000,114228,377972788.00000000,29951731.66403000,0
2023-05-06,0.08017000,0.08049000,0.07566000,0.07672000,866161917.00000000,1683417599999,67227701.04909000,125573,381386141.00000000,29575997.07831000,0
2023-05-07,0.07672000,0.07756000,0.07617000,0.07652000,440286253.00000000,1683503999999,33891198.22708000,59889,232896516.00000000,17929076.60664000,0
2023-05-08,0.07652000,0.07711000,0.06982000,0.07239000,1086840054.00000000,1683590399999,79628457.60321000,176749,520032866.00000000,38060973.50126000,0
2023-05-09,0.07239000,0.07333000,0.07206000,0.07310000,581336500.00000000,1683676799999,42258155.60482000,95352,264610247.00000000,19237215.90718000,0
2023-05-10,0.07310000,0.07470000,0.07033000,0.07312000,830157442.00000000,1683763199999,60522277.66061000,149261,406841513.00000000,29674969.57406000,0
2023-05-11,0.07312000,0.07317000,0.06908000,0.07193000,786571281.00000000,1683849599999,55998376.11246000,126581,370655323.00000000,26415971.90024000,0
2023-05-12,0.07193000,0.07275000,0.06933000,0.07235000,977393789.00000000,1683935999999,69458052.04665000,162677,479040050.00000000,34055008.34565000,0
2023-05-13,0.07235000,0.07240000,0.07130000,0.07167000,331390133.00000000,1684022399999,23815893.30418000,61747,161749833.00000000,11624282.52506000,0
2023-05-14,0.07168000,0.07265000,0.07111000,0.07196000,239907331.00000000,1684108799999,17259594.14006000,52968,119697639.00000000,8612313.78419000,0
2023-05-15,0.07195000,0.07368000,0.07084000,0.07191000,501437549.00000000,1684195199999,36358595.30732000,91791,253951676.00000000,18418410.22306000,0
2023-05-16,0.07190000,0.07325000,0.07087000,0.07275000,356844405.00000000,1684281599999,25692401.03431000,73596,172525435.00000000,12431038.51523000,0
2023-05-17,0.07276000,0.07547000,0.07228000,0.07483000,763341382.00000000,1684367999999,56280535.56051000,133875,412434920.00000000,30408624.75426000,0
2023-05-18,0.07484000,0.07492000,0.07161000,0.07344000,792415671.00000000,1684454399999,58380360.04293000,135432,405886390.00000000,29934422.91201000,0
2023-05-19,0.07344000,0.07406000,0.07300000,0.07350000,335992593.00000000,1684540799999,24709136.40663000,59222,171753549.00000000,12631383.18293000,0
2023-05-20,0.07351000,0.07389000,0.07306000,0.07361000,203083357.00000000,1684627199999,14909334.15031000,36743,104760333.00000000,7690491.83715000,0
2023-05-21,0.07362000,0.07400000,0.07198000,0.07212000,313624488.00000000,1684713599999,22822477.39400000,52293,139273310.00000000,10145547.96903000,0
2023-05-22,0.07212000,0.07402000,0.07071000,0.07291000,461513189.00000000,1684799999999,33490951.20569000,87588,235050397.00000000,17080023.24472000,0
2023-05-23,0.07292000,0.07396000,0.07241000,0.07289000,334965527.00000000,1684886399999,24472118.15259000,59718,163049953.00000000,11914193.60019000,0
2023-05-24,0.07288000,0.07289000,0.06931000,0.07064000,630159786.00000000,1684972799999,44692285.89208000,100648,280630361.00000000,19894348.34006000,0
2023-05-25,0.07065000,0.07116000,0.06856000,0.07088000,486062691.00000000,1685059199999,34138191.19772000,79015,231208837.00000000,16241046.31885000,0
2023-05-26,0.07087000,0.07137000,0.07030000,0.07097000,408192832.00000000,1685145599999,28910532.88862000,57237,179495358.00000000,12716444.52797000,0
2023-05-27,0.07097000,0.07344000,0.07070000,0.07255000,369096577.00000000,1685231999999,26550948.20374000,60361,191336546.00000000,13768961.88566000,0
2023-05-28,0.07255000,0.07396000,0.07186000,0.07352000,434942386.00000000,1685318399999,31668628.89389000,70429,220115656.00000000,16027529.36270000,0
2023-05-29,0.07353000,0.07400000,0.07261000,0.07313000,310287767.00000000,1685404799999,22734577.55980000,50455,158960611.00000000,11649006.80518000,0
2023-05-30,0.07313000,0.07346000,0.07198000,0.07231000,465392836.00000000,1685491199999,33825735.03435000,70527,241983483.00000000,17591632.62450000,0
2023-05-31,0.07231000,0.07268000,0.07051000,0.07165000,377200792.00000000,1685577599999,26991707.23201000,63894,180788286.00000000,12940577.80152000,0
2023-06-01,0.07165000,0.07219000,0.07071000,0.07142000,337422502.00000000,1685663999999,24166514.24753000,56544,162483485.00000000,11639839.00488000,0
2023-06-02,0.07143000,0.07331000,0.07090000,0.07256000,386392712.00000000,1685750399999,27887432.77090000,67073,207003111.00000000,14946948.40455000,0
2023-06-03,0.07257000,0.07298000,0.07217000,0.07270000,213922814.00000000,1685836799999,15515563.86423000,37449,109328180.00000000,7930032.24129000,0
2023-06-04,0.07271000,0.07334000,0.07232000,0.07249000,273284700.00000000,1685923199999,19897118.08190000,43912,141750593.00000000,10322245.91534000,0
2023-06-05,0.07249000,0.07269000,0.06311000,0.06640000,1393290604.00000000,1686009599999,93957296.05613000,218006,622904300.00000000,41959852.82601000,0
2023-06-06,0.06640000,0.07199000,0.06585000,0.07025000,1170265603.00000000,1686095999999,80278280.52343000,184942,567026982.00000000,39014140.72787000,0
2023-06-07,0.07025000,0.07032000,0.06668000,0.06728000,687833819.00000000,1686182399999,46875925.69020000,114747,321079472.00000000,21892040.62500000,0
2023-06-08,0.06728000,0.06850000,0.06698000,0.06796000,366934419.00000000,1686268799999,24883849.00859000,67036,177145629.00000000,12016424.12183000,0
2023-06-09,0.06796000,0.07119000,0.06729000,0.06947000,664528733.00000000,1686355199999,46007799.06456000,118881,342031553.00000000,23698105.16652000,0
2023-06-10,0.06947000,0.07196000,0.05300000,0.06175000,2781711103.00000000,1686441599999,171561454.57232000,448360,1246872538.00000000,77075001.45125000,0
2023-06-11,0.06175000,0.06289000,0.06092000,0.06151000,580462318.00000000,1686527999999,35906374.71752000,84690,271157246.00000000,16775576.70377000,0
2023-06-12,0.06152000,0.06170000,0.05975000,0.06143000,485251023.00000000,1686614399999,29613143.70580000,78388,234595425.00000000,14316902.62459000,0
2023-06-13,0.06144000,0.06284000,0.06006000,0.06175000,469560125.00000000,1686700799999,28919978.69953000,73245,227484814.00000000,14014121.13779000,0
2023-06-14,0.06174000,0.06219000,0.05811000,0.06038000,642700404.00000000,1686787199999,38884225.34061000,98050,307325188.00000000,18612496.66920000,0
2023-06-15,0.06038000,0.06200000,0.05975000,0.06153000,534409612.00000000,1686873599999,32540254.91840000,78903,252505608.00000000,15376609.08256000,0
2023-06-16,0.06154000,0.06282000,0.06069000,0.06219000,501181424.00000000,1686959999999,30939222.82953000,71805,247176488.00000000,15261233.98680000,0
2023-06-17,0.06219000,0.06297000,0.06166000,0.06220000,358515676.00000000,1687046399999,22354492.32997000,49618,168361759.00000000,10501012.67609000,0
2023-06-18,0.06220000,0.06399000,0.06107000,0.06212000,616148520.00000000,1687132799999,38439286.52508000,92314,309987986.00000000,19340003.00582000,0
2023-06-19,0.06212000,0.06285000,0.06151000,0.06245000,313699473.00000000,1687219199999,19469370.97016000,48514,158914518.00000000,9863784.29797000,0
2023-06-20,0.06244000,0.06314000,0.06074000,0.06313000,438420606.00000000,1687305599999,27230997.25707000,64889,205454780.00000000,12763274.95331000,0
2023-06-21,0.06314000,0.06677000,0.06284000,0.06561000,948481988.00000000,1687391999999,61394849.38643000,144569,473312487.00000000,30627184.90474000,0
2023-06-22,0.06562000,0.06938000,0.06502000,0.06555000,998222870.00000000,1687478399999,66966814.32449000,167076,497810750.00000000,33414179.37549000,0
2023-06-23,0.06556000,0.07013000,0.06525000,0.06823000,780327080.00000000,1687564799999,52684721.70418000,138016,375363074.00000000,25343686.83477000,0
2023-06-24,0.06823000,0.06843000,0.06505000,0.06669000,638939181.00000000,1687651199999,42945397.71260000,106535,306855417.00000000,20636911.71622000,0
2023-06-25,0.06669000,0.06800000,0.06635000,0.06672000,378779847.00000000,1687737599999,25456715.53541000,68512,178351964.00000000,11986505.38608000,0
2023-06-26,0.06672000,0.06681000,0.06319000,0.06474000,710375009.00000000,1687823999999,46417573.76788000,113763,326067836.00000000,21298478.64226000,0
2023-06-27,0.06474000,0.06579000,0.06433000,0.06556000,477097877.00000000,1687910399999,31114201.05517000,72674,248365852.00000000,16196781.25524000,0
2023-06-28,0.06557000,0.06596000,0.06013000,0.06257000,700025590.00000000,1687996799999,44443036.70018000,114022,328807054.00000000,20892955.18552000,0
2023-06-29,0.06257000,0.06410000,0.06241000,0.06342000,450376389.00000000,1688083199999,28450957.38809000,73138,217143121.00000000,13721476.47339000,0
2023-06-30,0.06342000,0.06698000,0.06101000,0.06646000,1114226909.00000000,1688169599999,72688463.48364000,198253,558779375.00000000,36465027.46415000,0
2023-07-01,0.06646000,0.07280000,0.06641000,0.06851000,1480878387.00000000,1688255999999,101954533.09148000,243539,763263289.00000000,52572068.59589000,0
2023-07-02,0.06851000,0.06920000,0.06600000,0.06801000,945225786.00000000,1688342399999,63910497.52448000,127013,441231407.00000000,29849574.55845000,0
2023-07-03,0.06801000,0.06878000,0.06721000,0.06845000,566630919.00000000,1688428799999,38549024.24769000,91890,272720764.00000000,18556396.19361000,0
2023-07-04,0.06845000,0.07186000,0.06764000,0.06890000,1051878193.00000000,1688515199999,73023095.22650000,173986,503964258.00000000,34990088.02943000,0
2023-07-05,0.06891000,0.06936000,0.06558000,0.06701000,592363243.00000000,1688601599999,39862578.36768000,98485,266492365.00000000,17937699.71332000,0
2023-07-06,0.06697000,0.06858000,0.06466000,0.06485000,620315296.00000000,1688687999999,41310812.25522000,102278,287294140.00000000,19141832.59636000,0
2023-07-07,0.06484000,0.06587000,0.06410000,0.06540000,410024265.00000000,1688774399999,26781021.84796000,66351,188332114.00000000,12302640.35986000,0
2023-07-08,0.06540000,0.06608000,0.06474000,0.06573000,278674788.00000000,1688860799999,18218680.63466000,44169,141065675.00000000,9221976.03674000,0
2023-07-09,0.06573000,0.06636000,0.06510000,0.06536000,279080489.00000000,1688947199999,18358802.15212000,41654,132745495.00000000,8733335.64098000,0
2023-07-10,0.06537000,0.06656000,0.06326000,0.06523000,616363367.00000000,1689033599999,39955694.54037000,92601,326378250.00000000,21173711.79233000,0
2023-07-11,0.06523000,0.06551000,0.06437000,0.06528000,313014382.00000000,1689119999999,20328586.42436000,53178,140089123.00000000,9101776.48716000,0
2023-07-12,0.06529000,0.06570000,0.06365000,0.06503000,312404127.00000000,1689206399999,20289741.40216000,53198,153195893.00000000,9953555.14596000,0
2023-07-13,0.06504000,0.07168000,0.06455000,0.07042000,1572353798.00000000,1689292799999,107974602.34650000,252484,827989851.00000000,56904569.83569000,0
2023-07-14,0.07042000,0.07311000,0.06612000,0.06849000,1501930500.00000000,1689379199999,105437639.04108000,242751,739436305.00000000,51952895.11093000,0
2023-07-15,0.06848000,0.07522000,0.06769000,0.07197000,2333412778.00000000,1689465599999,169555438.69357000,348582,1198721904.00000000,87067660.13045000,0
2023-07-16,0.07196000,0.07221000,0.06891000,0.06952000,930666895.00000000,1689551999999,65785219.48420000,139841,444971152.00000000,31469828.37199000,0
2023-07-17,0.06951000,0.07325000,0.06752000,0.06982000,1103083153.00000000,1689638399999,77313205.64979000,184680,546422762.00000000,38328868.58688000,0
2023-07-18,0.06982000,0.07032000,0.06703000,0.06866000,588900425.00000000,1689724799999,40400764.85320000,105637,265159171.00000000,18194472.53029000,0
2023-07-19,0.06867000,0.07235000,0.06823000,0.07003000,941079033.00000000,1689811199999,65896478.84647000,159532,467472386.00000000,32762623.73809000,0
2023-07-20,0.07004000,0.07390000,0.06926000,0.07062000,1394548088.00000000,1689897599999,99770589.80378000,206797,719931362.00000000,51564034.07139000,0
2023-07-21,0.07061000,0.07688000,0.07026000,0.07322000,1714323052.00000000,1689983999999,125872266.19518000,278831,916898134.00000000,67317959.20373000,0
2023-07-22,0.07322000,0.07330000,0.06963000,0.07047000,817196460.00000000,1690070399999,58570412.04585000,121175,360759739.00000000,25874119.18397000,0
2023-07-23,0.07047000,0.07295000,0.06997000,0.07180000,636160266.00000000,1690156799999,45717792.76659000,95828,321307835.00000000,23093453.16299000,0
2023-07-24,0.07179000,0.07790000,0.07018000,0.07420000,3734795178.00000000,1690243199999,279829292.46351000,616800,1844066402.00000000,138235380.82000000,0
2023-07-25,0.07420000,0.08380000,0.07361000,0.08185000,3974103246.00000000,1690329599999,313632445.01170000,670567,1978875870.00000000,156197233.23124000,0
2023-07-26,0.08185000,0.08229000,0.07647000,0.07793000,2421416701.00000000,1690415999999,191653652.84432000,385966,1185191283.00000000,93812072.82831000,0
2023-07-27,0.07794000,0.07996000,0.07666000,0.07761000,1390657420.00000000,1690502399999,108963531.77816000,203672,646019273.00000000,50624922.27126000,0
2023-07-28,0.07761000,0.07791000,0.07586000,0.07717000,845464658.00000000,1690588799999,65109003.88713000,126780,376571570.00000000,29007091.84556000,0
2023-07-29,0.07717000,0.08243000,0.07683000,0.08023000,1189212485.00000000,1690675199999,94327162.57102000,187694,598339617.00000000,47473909.85512000,0
2023-07-30,0.08024000,0.08057000,0.07622000,0.07802000,1058535152.00000000,1690761599999,83772145.22556000,176189,465623645.00000000,36869655.85936000,0
2023-07-31,0.07802000,0.07980000,0.07672000,0.07786000,845233630.00000000,1690847999999,66206001.13514000,141657,411510653.00000000,32241071.97239000,0
2023-08-01,0.07786000,0.07828000,0.07517000,0.07815000,873111968.00000000,1690934399999,67040145.56970000,129965,409326669.00000000,31442652.33843000,0
2023-08-02,0.07815000,0.07833000,0.07369000,0.07422000,804142710.00000000,1691020799999,60836505.04171000,124670,341134814.00000000,25822203.90979000,0
2023-08-03,0.07422000,0.07501000,0.07253000,0.07358000,693788058.00000000,1691107199999,51326141.31088000,107325,321472753.00000000,23791351.63406000,0
2023-08-04,0.07358000,0.07492000,0.07250000,0.07347000,610889682.00000000,1691193599999,45185318.55173000,98193,293334178.00000000,21702645.49382000,0
2023-08-05,0.07346000,0.07708000,0.07292000,0.07571000,1062980193.00000000,1691279999999,80361897.60850000,156317,545409723.00000000,41248207.57612000,0
2023-08-06,0.07572000,0.07649000,0.07407000,0.07427000,667225173.00000000,1691366399999,50167367.34445000,101876,326758910.00000000,24575534.62281000,0
2023-08-07,0.07427000,0.07573000,0.07170000,0.07354000,686024165.00000000,1691452799999,50661657.39198000,113898,310617392.00000000,22963543.77571000,0
2023-08-08,0.07354000,0.07548000,0.07321000,0.07496000,573574471.00000000,1691539199999,42649913.08335000,91886,274952081.00000000,20455374.98044000,0
2023-08-09,0.07497000,0.07622000,0.07419000,0.07541000,494836584.00000000,1691625599999,37220409.30120000,80476,234370475.00000000,17629110.32174000,0
2023-08-10,0.07542000,0.07695000,0.07514000,0.07588000,614532410.00000000,1691711999999,46647469.94910000,101988,315622223.00000000,23963156.07543000,0
2023-08-11,0.07587000,0.07611000,0.07484000,0.07574000,303787779.00000000,1691798399999,22955077.04023000,51419,139078876.00000000,10512897.69655000,0
2023-08-12,0.07574000,0.07745000,0.07561000,0.07670000,588060644.00000000,1691884799999,45058875.63219000,84459,316164628.00000000,24231270.74435000,0
2023-08-13,0.07670000,0.07689000,0.07430000,0.07479000,468528019.00000000,1691971199999,35488657.73304000,71384,212851900.00000000,16129110.75621000,0
2023-08-14,0.07479000,0.07711000,0.07365000,0.07469000,779632649.00000000,1692057599999,58473264.94941000,121040,340949124.00000000,25599424.25426000,0
2023-08-15,0.07470000,0.07499000,0.06831000,0.07093000,1006789294.00000000,1692143999999,72662457.69090000,151306,451293211.00000000,32525477.53565000,0
2023-08-16,0.07092000,0.07125000,0.06602000,0.06717000,1176873403.00000000,1692230399999,80984467.18602000,153290,543076158.00000000,37357495.12867000,0
2023-08-17,0.06718000,0.06843000,0.05560000,0.06102000,1947998543.00000000,1692316799999,123620746.90890000,274854,921024549.00000000,58440510.02713000,0
2023-08-18,0.06102000,0.06385000,0.05988000,0.06326000,1284697455.00000000,1692403199999,79908012.67898000,154599,669594195.00000000,41637914.77892000,0
2023-08-19,0.06326000,0.06450000,0.06310000,0.06379000,427274791.00000000,1692489599999,27183051.36486000,58264,211509861.00000000,13457344.99108000,0
2023-08-20,0.06379000,0.06473000,0.06338000,0.06384000,302086371.00000000,1692575999999,19333802.29430000,42959,135644950.00000000,8681960.92850000,0
2023-08-21,0.06384000,0.06411000,0.06035000,0.06252000,577388884.00000000,1692662399999,36081815.58370000,80239,272121755.00000000,16996272.54160000,0
2023-08-22,0.06253000,0.06327000,0.06023000,0.06259000,615086529.00000000,1692748799999,38272420.59631000,82850,306738782.00000000,19090595.16001000,0
2023-08-23,0.06258000,0.06546000,0.06246000,0.06379000,663722826.00000000,1692835199999,42264317.01664000,87859,344360895.00000000,21926904.25856000,0
2023-08-24,0.06379000,0.06404000,0.06183000,0.06308000,386270949.00000000,1692921599999,24385523.38063000,53369,191639226.00000000,12099138.20979000,0
2023-08-25,0.06308000,0.06315000,0.06169000,0.06312000,388436589.00000000,1693007999999,24229741.33631000,52115,170146986.00000000,10614811.02198000,0
2023-08-26,0.06312000,0.06338000,0.06262000,0.06289000,133469006.00000000,1693094399999,8407844.39497000,21072,61816647.00000000,3894564.92258000,0
2023-08-27,0.06289000,0.06379000,0.06269000,0.06318000,195920692.00000000,1693180799999,12381193.30033000,27727,95417549.00000000,6030779.45524000,0
2023-08-28,0.06317000,0.06370000,0.06186000,0.06345000,347134881.00000000,1693267199999,21789078.48691000,47595,158145538.00000000,9933874.48175000,0
2023-08-29,0.06345000,0.06858000,0.06240000,0.06640000,1205214048.00000000,1693353599999,79300388.72117000,176412,599531288.00000000,39460567.27039000,0
2023-08-30,0.06640000,0.06647000,0.06434000,0.06588000,652816294.00000000,1693439999999,42683148.76782000,81674,325588185.00000000,21290041.35321000,0
2023-08-31,0.06588000,0.06701000,0.06280000,0.06376000,987255423.00000000,1693526399999,64328075.31320000,118287,484477168.00000000,31597806.78415000,0
2023-09-01,0.06379000,0.06426000,0.06230000,0.06388000,594834321.00000000,1693612799999,37771556.70096000,73889,277063496.00000000,17596084.47875000,0
2023-09-02,0.06386000,0.06497000,0.06260000,0.06348000,445474474.00000000,1693699199999,28368708.40871000,63130,201387969.00000000,12832890.83889000,0
2023-09-03,0.06348000,0.06377000,0.06276000,0.06317000,221836401.00000000,1693785599999,14044413.14013000,33591,97708741.00000000,6187664.90972000,0
2023-09-04,0.06317000,0.06385000,0.06209000,0.06326000,414229595.00000000,1693871999999,26156361.23442000,52937,199801628.00000000,12615941.19169000,0
2023-09-05,0.06326000,0.06443000,0.06288000,0.06402000,613206067.00000000,1693958399999,39129437.05314000,69058,313615589.00000000,20012139.12887000,0
2023-09-06,0.06403000,0.06464000,0.06248000,0.06365000,638467834.00000000,1694044799999,40689983.83105000,63236,319146546.00000000,20351995.01932000,0
2023-09-07,0.06364000,0.06384000,0.06279000,0.06365000,418433542.00000000,1694131199999,26519402.81803000,44350,211120021.00000000,13385504.47637000,0
2023-09-08,0.06366000,0.06402000,0.06237000,0.06371000,364461321.00000000,1694217599999,23061583.38435000,48400,174168511.00000000,11021322.70883000,0
2023-09-09,0.06370000,0.06391000,0.06319000,0.06339000,196653596.00000000,1694303999999,12495666.85681000,27685,83584529.00000000,5311421.03001000,0
2023-09-10,0.06338000,0.06340000,0.05938000,0.06130000,741903006.00000000,1694390399999,45598221.69036000,100945,329854785.00000000,20281134.05451000,0
2023-09-11,0.06130000,0.06199000,0.05919000,0.06049000,815364934.00000000,1694476799999,49357251.80128000,98174,382346422.00000000,23143527.93303000,0
2023-09-12,0.06047000,0.06247000,0.06043000,0.06090000,590184825.00000000,1694563199999,36260714.94387000,73991,298779419.00000000,18354380.48489000,0
2023-09-13,0.06090000,0.06181000,0.06050000,0.06126000,502274759.00000000,1694649599999,30683513.26435000,57085,252464938.00000000,15423176.11701000,0
2023-09-14,0.06125000,0.06255000,0.06108000,0.06208000,475512544.00000000,1694735999999,29324721.20968000,54765,241665602.00000000,14905476.69537000,0
2023-09-15,0.06207000,0.06296000,0.06138000,0.06250000,305546937.00000000,1694822399999,18972451.48935000,40802,145380114.00000000,9028756.65967000,0
2023-09-16,0.06250000,0.06297000,0.06176000,0.06214000,255280771.00000000,1694908799999,15905929.03412000,35590,118857650.00000000,7406038.87245000,0
2023-09-17,0.06213000,0.06254000,0.06097000,0.06147000,383318697.00000000,1694995199999,23678403.52120000,50405,169002115.00000000,10435301.59513000,0
2023-09-18,0.06146000,0.06281000,0.06096000,0.06198000,477979505.00000000,1695081599999,29612579.22875000,58989,230553882.00000000,14288689.91157000,0
2023-09-19,0.06196000,0.06323000,0.06189000,0.06268000,428581236.00000000,1695167999999,26809249.60093000,50181,222768170.00000000,13933412.79526000,0
2023-09-20,0.06269000,0.06303000,0.06144000,0.06262000,351126474.00000000,1695254399999,21875623.51895000,46395,176884555.00000000,11021778.76000000,0
2023-09-21,0.06263000,0.06348000,0.06103000,0.06131000,461733879.00000000,1695340799999,28682859.05613000,59848,208620599.00000000,12959419.94211000,0
2023-09-22,0.06130000,0.06187000,0.06058000,0.06152000,243141704.00000000,1695427199999,14940382.18452000,34856,107752033.00000000,6620575.38710000,0
2023-09-23,0.06153000,0.06199000,0.06127000,0.06152000,171390790.00000000,1695513599999,10551532.80734000,26595,86951269.00000000,5353679.79414000,0
2023-09-24,0.06152000,0.06175000,0.06028000,0.06069000,187668551.00000000,1695599999999,11492548.05825000,29624,93138977.00000000,5703512.74467000,0
2023-09-25,0.06068000,0.06124000,0.06009000,0.06094000,185313210.00000000,1695686399999,11269114.08089000,29360,94222951.00000000,5730257.32331000,0
2023-09-26,0.06095000,0.06114000,0.05933000,0.06062000,247803396.00000000,1695772799999,14971987.50562000,37490,125843147.00000000,7598223.21991000,0
2023-09-27,0.06062000,0.06142000,0.06016000,0.06053000,322389750.00000000,1695859199999,19592884.73029000,43461,162407950.00000000,9871724.74222000,0
2023-09-28,0.06052000,0.06168000,0.06038000,0.06150000,330092922.00000000,1695945599999,20174936.15723000,44627,177383768.00000000,10845449.69912000,0
2023-09-29,0.06151000,0.06249000,0.06131000,0.06213000,388098719.00000000,1696031999999,24008259.14787000,50682,199871486.00000000,12366563.04251000,0
2023-09-30,0.06213000,0.06276000,0.06173000,0.06207000,353992527.00000000,1696118399999,22015585.97923000,42003,191068011.00000000,11886657.56093000,0
2023-10-01,0.06207000,0.06358000,0.06169000,0.06319000,426685075.00000000,1696204799999,26690722.24152000,55959,222766219.00000000,13943266.86735000,0
2023-10-02,0.06320000,0.06420000,0.06093000,0.06200000,626702154.00000000,1696291199999,39391905.23778000,85372,306897067.00000000,19299236.53354000,0
2023-10-03,0.06201000,0.06232000,0.06107000,0.06137000,285220585.00000000,1696377599999,17603805.51431000,40004,139078052.00000000,8585807.40127000,0
2023-10-04,0.06138000,0.06159000,0.06001000,0.06147000,335531290.00000000,1696463999999,20428970.39124000,43652,169276682.00000000,10306731.17761000,0
2023-10-05,0.06146000,0.06165000,0.06059000,0.06086000,252901933.00000000,1696550399999,15443219.89739000,31539,124517931.00000000,7603644.85459000,0
2023-10-06,0.06087000,0.06162000,0.06071000,0.06137000,299784369.00000000,1696636799999,18338128.23727000,35843,147613755.00000000,9030285.50640000,0
2023-10-07,0.06136000,0.06166000,0.06105000,0.06143000,279174721.00000000,1696723199999,17141192.66570000,26462,135647831.00000000,8329604.91549000,0
2023-10-08,0.06143000,0.06160000,0.06065000,0.06096000,202221066.00000000,1696809599999,12375190.40245000,25087,102540759.00000000,6276030.68517000,0
2023-10-09,0.06095000,0.06100000,0.05678000,0.05873000,806444033.00000000,1696895999999,47628376.32000000,92599,380196189.00000000,22429242.94416000,0
2023-10-10,0.05872000,0.05923000,0.05846000,0.05913000,254040040.00000000,1696982399999,14947507.45563000,36453,124581331.00000000,7332437.71147000,0
2023-10-11,0.05914000,0.05948000,0.05764000,0.05851000,356464937.00000000,1697068799999,20867859.46762000,49943,168074072.00000000,9839984.32140000,0
2023-10-12,0.05851000,0.05852000,0.05722000,0.05788000,241613425.00000000,1697155199999,13992832.68488000,36751,118563416.00000000,6866002.41046000,0
2023-10-13,0.05789000,0.05910000,0.05777000,0.05839000,340601297.00000000,1697241599999,19868943.50442000,40017,171576844.00000000,10004126.15609000,0
2023-10-14,0.05839000,0.05998000,0.05833000,0.05984000,258485303.00000000,1697327999999,15306116.07218000,38073,138681399.00000000,8212621.16877000,0
2023-10-15,0.05984000,0.05986000,0.05901000,0.05931000,187751427.00000000,1697414399999,11152991.95888000,30905,95777259.00000000,5689150.91734000,0
2023-10-16,0.05930000,0.06176000,0.05909000,0.06000000,685936360.00000000,1697500799999,41294868.55518000,83863,350987612.00000000,21124221.54784000,0
2023-10-17,0.06000000,0.06016000,0.05812000,0.05904000,328504417.00000000,1697587199999,19474198.00777000,49141,152879944.00000000,9061062.52600000,0
2023-10-18,0.05903000,0.05936000,0.05827000,0.05858000,259892423.00000000,1697673599999,15276595.01294000,40637,125529788.00000000,7379435.69683000,0
2023-10-19,0.05859000,0.05899000,0.05738000,0.05887000,268646752.00000000,1697759999999,15670050.90320000,40963,139009100.00000000,8111317.20308000,0
2023-10-20,0.05887000,0.06049000,0.05862000,0.05990000,380263308.00000000,1697846399999,22731498.03425000,53037,188220257.00000000,11252016.98573000,0
2023-10-21,0.05990000,0.06147000,0.05942000,0.06119000,419977032.00000000,1697932799999,25519096.90125000,53376,206870722.00000000,12571957.64242000,0
2023-10-22,0.06119000,0.06173000,0.05979000,0.06170000,431537666.00000000,1698019199999,26312254.20039000,64341,209674315.00000000,12792086.49631000,0
2023-10-23,0.06169000,0.06790000,0.06131000,0.06742000,1809514093.00000000,1698105599999,116349908.04166000,264652,911726693.00000000,58622827.54411000,0
2023-10-24,0.06742000,0.07012000,0.06418000,0.06660000,1893961402.00000000,1698191999999,127544825.43812000,283177,930374750.00000000,62661001.87323000,0
2023-10-25,0.06660000,0.06978000,0.06460000,0.06832000,1473029982.00000000,1698278399999,99228256.80723000,224723,777661731.00000000,52401706.08795000,0
2023-10-26,0.06832000,0.07516000,0.06782000,0.07185000,3074465230.00000000,1698364799999,220766668.23004000,445511,1519149027.00000000,109042797.06373000,0
2023-10-27,0.07184000,0.07243000,0.06716000,0.06776000,1256624746.00000000,1698451199999,87743155.98292000,185111,559384031.00000000,39072146.12899000,0
2023-10-28,0.06776000,0.06982000,0.06750000,0.06900000,643644405.00000000,1698537599999,44244090.02932000,109985,301534107.00000000,20728511.50207000,0
2023-10-29,0.06900000,0.07020000,0.06722000,0.06935000,485266012.00000000,1698623999999,33473402.46875000,89276,238707890.00000000,16471527.53091000,0
2023-10-30,0.06936000,0.07040000,0.06771000,0.06959000,739649062.00000000,1698710399999,51162371.28524000,110464,341211431.00000000,23613020.04755000,0
2023-10-31,0.06958000,0.07085000,0.06578000,0.06827000,1281215492.00000000,1698796799999,87801026.75191000,167979,625161731.00000000,42866582.50609000,0
2023-11-01,0.06827000,0.06967000,0.06548000,0.06894000,1322729238.00000000,1698883199999,89187337.49734000,161653,645744138.00000000,43563443.73798000,0
2023-11-02,0.06893000,0.07089000,0.06660000,0.06790000,1597197975.00000000,1698969599999,109939113.03404000,168866,776167740.00000000,53444671.79769000,0
2023-11-03,0.06790000,0.06823000,0.06621000,0.06807000,793772413.00000000,1699055999999,53465914.56396000,95327,379203495.00000000,25542927.92543000,0
2023-11-04,0.06808000,0.06927000,0.06790000,0.06908000,544148824.00000000,1699142399999,37335756.33993000,66484,257602341.00000000,17673525.12791000,0
2023-11-05,0.06908000,0.07175000,0.06880000,0.07108000,1366786320.00000000,1699228799999,96125652.72491000,152588,682593144.00000000,48015821.62488000,0
2023-11-06,0.07108000,0.07653000,0.07025000,0.07637000,1891295555.00000000,1699315199999,139294113.76902000,260874,964156022.00000000,71012472.58676000,0
2023-11-07,0.07637000,0.07648000,0.07150000,0.07338000,2426713501.00000000,1699401599999,179245598.05852000,249400,1164561354.00000000,86005495.31676000,0
2023-11-08,0.07338000,0.07720000,0.07277000,0.07534000,1394687206.00000000,1699487999999,104243754.25747000,160281,710565560.00000000,53137745.18367000,0
2023-11-09,0.07535000,0.07791000,0.06779000,0.07357000,2758797891.00000000,1699574399999,203970342.66265000,358155,1369372961.00000000,101212062.83892000,0
2023-11-10,0.07357000,0.07559000,0.07241000,0.07539000,1754786161.00000000,1699660799999,130057016.18724000,194362,894077623.00000000,66274782.26464000,0
2023-11-11,0.07539000,0.08189000,0.07445000,0.07849000,3940449595.00000000,1699747199999,310285550.04576000,462112,1966406473.00000000,154774081.47497000,0
2023-11-12,0.07850000,0.08038000,0.07503000,0.07795000,2187569963.00000000,1699833599999,170782020.32108000,229510,1064211908.00000000,83087113.33768000,0
2023-11-13,0.07795000,0.07954000,0.07341000,0.07456000,2695984716.00000000,1699919999999,206919438.97998000,289927,1309167883.00000000,100476982.16555000,0
2023-11-14,0.07456000,0.07555000,0.06880000,0.07244000,2213664109.00000000,1700006399999,162615567.50500000,243270,1057605883.00000000,77734180.38787000,0
2023-11-15,0.07244000,0.07654000,0.07227000,0.07623000,1242373327.00000000,1700092799999,92173316.68071000,160674,611555637.00000000,45355579.06726000,0
2023-11-16,0.07623000,0.08400000,0.07593000,0.07947000,4624288827.00000000,1700179199999,365641577.38689000,655958,2363656790.00000000,187084806.97929000,0
2023-11-17,0.07946000,0.08760000,0.07907000,0.08641000,5715620063.00000000,1700265599999,474488946.30238000,759077,2976641463.00000000,247158755.50087000,0
2023-11-18,0.08642000,0.08663000,0.07900000,0.08028000,3816113600.00000000,1700351999999,315083578.88686000,471831,1889596131.00000000,156092296.42616000,0
2023-11-19,0.08027000,0.08066000,0.07734000,0.08046000,1736599079.00000000,1700438399999,137007341.97654000,213013,824069544.00000000,65004846.30348000,0
2023-11-20,0.08045000,0.08219000,0.07666000,0.07768000,1894821627.00000000,1700524799999,151566343.06216000,231711,952787108.00000000,76227821.01668000,0
2023-11-21,0.07768000,0.07875000,0.07063000,0.07176000,2807234921.00000000,1700611199999,211300189.39713000,378131,1289386769.00000000,97107060.50525000,0
2023-11-22,0.07175000,0.07660000,0.07153000,0.07575000,1119488422.00000000,1700697599999,83580017.26174000,133173,547420398.00000000,40889338.12145000,0
2023-11-23,0.07576000,0.07638000,0.07494000,0.07620000,613659850.00000000,1700783999999,46543101.60671000,78604,295783865.00000000,22439142.61317000,0
2023-11-24,0.07621000,0.07866000,0.07605000,0.07818000,883650952.00000000,1700870399999,68478819.95830000,107945,465134173.00000000,36047868.07977000,0
2023-11-25,0.07818000,0.07916000,0.07753000,0.07894000,651722335.00000000,1700956799999,51176418.12649000,81889,329724766.00000000,25894828.66954000,0
2023-11-26,0.07894000,0.07899000,0.07550000,0.07868000,785924906.00000000,1701043199999,60952055.85693000,103691,396278003.00000000,30737659.66095000,0
2023-11-27,0.07867000,0.08170000,0.07680000,0.07884000,2139460195.00000000,1701129599999,169353426.66961000,261805,1074845183.00000000,85093360.31465000,0
2023-11-28,0.07883000,0.08121000,0.07671000,0.08083000,1710141271.00000000,1701215999999,135496791.44933000,206525,823708425.00000000,65228792.15312000,0
2023-11-29,0.08083000,0.08317000,0.07959000,0.08047000,1518465698.00000000,1701302399999,123175366.24291000,195922,773258368.00000000,62736890.27716000,0
2023-11-30,0.08045000,0.08443000,0.08039000,0.08343000,1474563719.00000000,1701388799999,121471815.67515000,190111,787001947.00000000,64857352.43358000,0
2023-12-01,0.08344000,0.08510000,0.08230000,0.08385000,1075587047.00000000,1701475199999,90073150.12766000,153166,552951625.00000000,46324050.51745000,0
2023-12-02,0.08384000,0.08663000,0.08327000,0.08617000,1047224679.00000000,1701561599999,88820270.26934000,149952,573441489.00000000,48645462.18770000,0
2023-12-03,0.08617000,0.08738000,0.08360000,0.08571000,1233031851.00000000,1701647999999,105070170.07289000,172238,604282492.00000000,51508482.60506000,0
2023-12-04,0.08571000,0.09260000,0.08500000,0.09188000,2933769955.00000000,1701734399999,260449580.87759000,433480,1514804868.00000000,134509698.49682000,0
2023-12-05,0.09188000,0.09580000,0.08746000,0.09435000,2544186116.00000000,1701820799999,232092568.92358000,380284,1266974918.00000000,115665539.24996000,0
2023-12-06,0.09436000,0.10645000,0.09338000,0.09493000,5278501455.00000000,1701907199999,529155108.63456000,948176,2698598049.00000000,270448755.69667000,0
2023-12-07,0.09493000,0.09828000,0.09269000,0.09593000,2842604920.00000000,1701993599999,271534378.26471000,424890,1440423669.00000000,137510406.21558000,0
2023-12-08,0.09594000,0.10385000,0.09556000,0.10164000,2247014999.00000000,1702079999999,221624227.34803000,329281,1148142817.00000000,113277229.36481000,0
2023-12-09,0.10165000,0.10510000,0.09750000,0.09846000,2400778713.00000000,1702166399999,244004075.71668000,372697,1162719982.00000000,118170434.03241000,0
2023-12-10,0.09846000,0.10275000,0.09665000,0.10186000,1337401762.00000000,1702252799999,133811827.50554000,224632,642065182.00000000,64272342.96460000,0
2023-12-11,0.10186000,0.10730000,0.09106000,0.09413000,3926452012.00000000,1702339199999,383703034.40585000,670104,1979930605.00000000,193790599.75134000,0
2023-12-12,0.09412000,0.09802000,0.09122000,0.09381000,2003591978.00000000,1702425599999,189982703.73185000,295622,1028126738.00000000,97411859.58964000,0
2023-12-13,0.09381000,0.09759000,0.08980000,0.09642000,1654708893.00000000,1702511999999,154070288.91372000,261177,848511094.00000000,79067317.19103000,0
2023-12-14,0.09643000,0.09878000,0.09327000,0.09830000,1405821668.00000000,1702598399999,135886229.87469000,213794,704661937.00000000,68132030.77906000,0
2023-12-15,0.09830000,0.09879000,0.09232000,0.09303000,1313568767.00000000,1702684799999,125558212.82158000,183455,593416755.00000000,56729430.52365000,0
2023-12-16,0.09302000,0.09728000,0.09152000,0.09713000,1016225212.00000000,1702771199999,95995125.34460000,153789,517684403.00000000,48939131.31559000,0
2023-12-17,0.09713000,0.09784000,0.09238000,0.09295000,986491713.00000000,1702857599999,93584238.22971000,162093,473749254.00000000,44950150.34397000,0
2023-12-18,0.09295000,0.09378000,0.08638000,0.09213000,1479114802.00000000,1702943999999,133063803.10646000,225263,720039918.00000000,64706713.75102000,0
2023-12-19,0.09212000,0.09350000,0.08926000,0.09023000,884237508.00000000,1703030399999,81106107.33288000,143335,432710255.00000000,39702531.47880000,0
2023-12-20,0.09023000,0.09334000,0.08942000,0.09150000,1223678648.00000000,1703116799999,111626346.00808000,180521,647553752.00000000,59076052.87540000,0
2023-12-21,0.09151000,0.09800000,0.09063000,0.09499000,1726958198.00000000,1703203199999,162540116.75855000,277356,892598431.00000000,84024560.83411000,0
2023-12-22,0.09500000,0.09559000,0.09195000,0.09499000,1258416466.00000000,1703289599999,117980916.01579000,199405,640159808.00000000,60032393.33459000,0
2023-12-23,0.09498000,0.09500000,0.09204000,0.09346000,649710275.00000000,1703375999999,60513659.70097000,107984,301052189.00000000,28036555.92759000,0
2023-12-24,0.09346000,0.09492000,0.09026000,0.09171000,1078125456.00000000,1703462399999,100751515.50742000,187946,547463655.00000000,51196693.49945000,0
2023-12-25,0.09172000,0.09544000,0.09124000,0.09435000,794322702.00000000,1703548799999,74189206.09987000,136914,403822219.00000000,37728611.52206000,0
2023-12-26,0.09436000,0.09445000,0.08700000,0.09135000,1045263091.00000000,1703635199999,95772725.87688000,190662,485664921.00000000,44533853.91837000,0
2023-12-27,0.09135000,0.09386000,0.08956000,0.09365000,697904313.00000000,1703721599999,64377495.45571000,137851,354857444.00000000,32747801.48720000,0
2023-12-28,0.09365000,0.09493000,0.09107000,0.09174000,896005552.00000000,1703807999999,83376381.12298000,158395,435203780.00000000,40520386.83761000,0
2023-12-29,0.09174000,0.09300000,0.08843000,0.09097000,676368690.00000000,1703894399999,61781686.94874000,141745,323935104.00000000,29607467.19960000,0
2023-12-30,0.09096000,0.09140000,0.08920000,0.09000000,348435520.00000000,1703980799999,31486570.85449000,69213,160011304.00000000,14462348.72977000,0
2023-12-31,0.09000000,0.09089000,0.08808000,0.08955000,385427628.00000000,1704067199999,34692853.38567000,69321,189881174.00000000,17092382.15760000,0
2024-01-01,0.08956000,0.09207000,0.08847000,0.09199000,506560988.00000000,1704153599999,45856152.14607000,81285,276219341.00000000,25010749.25229000,0
2024-01-02,0.09200000,0.09438000,0.09035000,0.09110000,881934936.00000000,1704239999999,81620263.86776000,144162,454390672.00000000,42062694.85621000,0
2024-01-03,0.09109000,0.09213000,0.07500000,0.08201000,1959750401.00000000,1704326399999,164033163.66787000,331170,928423352.00000000,77705099.44590000,0
2024-01-04,0.08200000,0.08467000,0.08093000,0.08401000,1144911613.00000000,1704412799999,94958162.03245000,153450,556616788.00000000,46165646.63924000,0
2024-01-05,0.08401000,0.08483000,0.08046000,0.08267000,1109914047.00000000,1704499199999,91546774.14758000,163743,554494081.00000000,45729635.66601000,0
2024-01-06,0.08267000,0.08268000,0.07833000,0.08058000,979471694.00000000,1704585599999,78819192.75806000,169538,447853126.00000000,36028455.33089000,0
2024-01-07,0.08058000,0.08148000,0.07701000,0.07824000,927733107.00000000,1704671999999,74015800.99796000,222250,426148252.00000000,33992257.28016000,0
2024-01-08,0.07822000,0.08177000,0.07412000,0.08130000,1392075761.00000000,1704758399999,108620233.77995000,200289,661471171.00000000,51663807.32342000,0
2024-01-09,0.08130000,0.08399000,0.07642000,0.07923000,2205553399.00000000,1704844799999,175210044.35441000,343943,1089041694.00000000,86528359.56728000,0
2024-01-10,0.07922000,0.08501000,0.07579000,0.08307000,1240032433.00000000,1704931199999,98980901.81880000,221942,629187592.00000000,50264123.07351000,0
2024-01-11,0.08307000,0.08800000,0.08197000,0.08456000,1520441570.00000000,1705017599999,129003894.10794000,262023,774112807.00000000,65688044.31341000,0
2024-01-12,0.08456000,0.08544000,0.07780000,0.08007000,1117173897.00000000,1705103999999,92082844.95305000,199721,566295401.00000000,46729762.39309000,0
2024-01-13,0.08007000,0.08138000,0.07861000,0.08092000,451114051.00000000,1705190399999,36291118.60026000,83428,226536609.00000000,18230339.50480000,0
2024-01-14,0.08094000,0.08396000,0.07964000,0.08003000,923333159.00000000,1705276799999,75582443.56972000,139892,444851885.00000000,36436297.62907000,0
2024-01-15,0.08002000,0.08178000,0.07987000,0.08108000,423589779.00000000,1705363199999,34300152.08223000,80854,210973245.00000000,17085802.41817000,0
2024-01-16,0.08108000,0.08258000,0.07986000,0.08134000,582449257.00000000,1705449599999,47369892.27231000,90582,295119455.00000000,24004596.27650000,0
2024-01-17,0.08134000,0.08160000,0.07935000,0.08059000,478700611.00000000,1705535999999,38583229.48141000,68754,218812576.00000000,17640290.63084000,0
2024-01-18,0.08060000,0.08081000,0.07690000,0.07808000,621337144.00000000,1705622399999,49214806.57530000,86646,264639870.00000000,20944374.84508000,0
2024-01-19,0.07808000,0.07884000,0.07484000,0.07857000,766708753.00000000,1705708799999,59204180.85016000,107340,347129732.00000000,26806171.38591000,0
2024-01-20,0.07856000,0.09058000,0.07821000,0.08777000,1655077344.00000000,1705795199999,138866010.33485000,276523,858858714.00000000,72165713.52381000,0
2024-01-21,0.08777000,0.09046000,0.08468000,0.08546000,2294800965.00000000,1705881599999,200633911.77286000,404970,1185955777.00000000,103701613.57311000,0
2024-01-22,0.08547000,0.08559000,0.08012000,0.08057000,1591848689.00000000,1705967999999,132268389.42305000,268782,751168308.00000000,62413301.46777000,0
2024-01-23,0.08057000,0.08189000,0.07600000,0.07821000,1285716152.00000000,1706054399999,100492938.51020000,215547,616569150.00000000,48191470.18443000,0
2024-01-24,0.07821000,0.08066000,0.07754000,0.07904000,688387053.00000000,1706140799999,54447832.72829000,121180,324367713.00000000,25667508.94066000,0
2024-01-25,0.07905000,0.07925000,0.07711000,0.07795000,487927595.00000000,1706227199999,38061922.12705000,86423,234763919.00000000,18321743.22784000,0
2024-01-26,0.07795000,0.08035000,0.07753000,0.07985000,438354293.00000000,1706313599999,34722428.42862000,83960,222730995.00000000,17631580.97325000,0
2024-01-27,0.07985000,0.08070000,0.07902000,0.08014000,330227896.00000000,1706399999999,26367307.96650000,59129,150540227.00000000,12019711.46842000,0
2024-01-28,0.08014000,0.08149000,0.07818000,0.07882000,405942847.00000000,1706486399999,32446105.53783000,76925,187438983.00000000,14982271.73587000,0
2024-01-29,0.07883000,0.08306000,0.07816000,0.08135000,1259643662.00000000,1706572799999,102222096.05264000,190917,602169441.00000000,48863970.71963000,0
2024-01-30,0.08137000,0.08219000,0.07939000,0.07972000,609381172.00000000,1706659199999,49472217.60913000,101054,301087158.00000000,24448068.45624000,0
2024-01-31,0.07971000,0.08028000,0.07800000,0.07875000,492930215.00000000,1706745599999,39115347.30535000,98410,207516165.00000000,16468648.94642000,0
2024-02-01,0.07874000,0.07986000,0.07728000,0.07937000,423161080.00000000,1706831999999,33395733.01891000,78316,198833367.00000000,15700359.44946000,0
2024-02-02,0.07937000,0.07996000,0.07858000,0.07928000,338158394.00000000,1706918399999,26849623.02363000,58101,168366800.00000000,13369594.28407000,0
2024-02-03,0.07928000,0.07951000,0.07853000,0.07874000,181709999.00000000,1707004799999,14369151.85233000,34991,75787397.00000000,5994072.10905000,0
2024-02-04,0.07874000,0.07998000,0.07775000,0.07831000,263166434.00000000,1707091199999,20770189.49683000,48749,116733739.00000000,9217344.05157000,0
2024-02-05,0.07831000,0.08031000,0.07735000,0.07835000,432182668.00000000,1707177599999,34091489.07860000,74931,219073615.00000000,17277798.48181000,0
2024-02-06,0.07835000,0.07923000,0.07773000,0.07849000,294603685.00000000,1707263999999,23132778.21818000,53812,147039189.00000000,11549572.20443000,0
2024-02-07,0.07848000,0.08032000,0.07816000,0.08013000,389072392.00000000,1707350399999,30858397.35495000,70931,212692105.00000000,16873603.98773000,0
2024-02-08,0.08013000,0.08087000,0.07935000,0.07987000,447795104.00000000,1707436799999,35878029.09784000,84642,231601422.00000000,18557842.25016000,0
2024-02-09,0.07986000,0.08222000,0.07986000,0.08155000,665001847.00000000,1707523199999,54073200.59692000,111570,336900332.00000000,27399051.91533000,0
2024-02-10,0.08154000,0.08214000,0.08030000,0.08142000,367774924.00000000,1707609599999,29882540.10703000,55220,172626818.00000000,14029658.40294000,0
2024-02-11,0.08141000,0.08358000,0.08075000,0.08123000,639653927.00000000,1707695999999,52555183.74082000,95242,319588983.00000000,26260787.88778000,0
2024-02-12,0.08123000,0.08287000,0.07946000,0.08223000,797306560.00000000,1707782399999,64715262.07532000,117714,399960920.00000000,32475246.17018000,0
2024-02-13,0.08223000,0.08297000,0.08156000,0.08273000,222699942.00000000,1707868799999,18352366.91429000,31976,114802884.00000000,9460339.46151000,0
